model_name,n_samples,n_failures,failure_rate,median_rank_shift,mean_rank_shift,median_sgr,mean_sgr,success_median_sgr,failure_median_sgr,sgr_gt1_rate
gpt2-small,21919,2498,0.11396505315023496,668.0,2554.3852365527623,27.091911764705884,190.25037790604392,24.83212161269002,48.133455615434826,0.9911124970764793
pythia-160m,19562,1764,0.0901748287496166,938.5,2612.788876393007,24.480077574047954,120.64344435821957,24.481219081088888,24.440246740628602,1.0
