model_name,outcome,n_samples,median_rank_shift,mean_rank_shift,median_sgr,mean_sgr
gpt2-small,failure,2498,-174.5,-1005.117293835068,48.133455615434826,225.2213895598842
gpt2-small,success,19421,957.0,3012.221461304773,24.83212161269002,184.46794479893126
pythia-160m,failure,1764,-296.5,-1278.469954648526,24.440246740628602,47.76795863191455
pythia-160m,success,17798,1198.0,2998.460332621643,24.481219081088888,128.1950598068973
