emotion,peak_layer,opposite_emotion,distance_to_neutral,distance_to_opposite,distance_gap,closer_to_neutral_rate
anger,9,,15.03869342803955,,,
fear,9,,14.886894226074219,,,
joy,11,sadness,20.064802169799805,14.967795372009277,-5.097006797790527,0.2222222222222222
sadness,9,joy,13.317584991455078,14.207063674926758,0.8894786834716797,0.7777777777777778
