case_id,model_name,dominant_shift_layer,dominant_shift_value,total_abs_shift,top3_layer_shift_share,single_layer_shift_share
3500,gpt2-small,11,23.898429999999998,70.38687,0.7461273672206193,0.33952965943790364
3500,pythia-160m,11,-5.558590000000002,23.089370000000002,0.5502991203311308,0.24074238491565608
