emotion,peak_layer,base_condition,slope,intercept,linearity_r2,start_margin,end_margin,contrast_label
anger,11,affirmed_prefix,-0.00012730966721262256,-0.00016407668590545657,0.9783399044952745,0.00021167099475860596,-0.00048197805881500244,neutral
fear,11,affirmed_prefix,-0.00014312299234526505,5.9174639838082487e-05,0.9790009215750414,0.00042285025119781494,-0.0003633648157119751,neutral
joy,11,affirmed_prefix,4.180414336068291e-05,-0.0005095175334385464,0.22421981135656055,-0.0004336833953857422,-0.00015294551849365234,sadness
sadness,11,affirmed_prefix,0.0006713633026395525,0.00017747708729335247,0.9016816115962825,-0.002346038818359375,0.0014795660972595215,joy
