case_id,model_name,dominant_shift_layer,dominant_shift_value,total_abs_shift,top3_layer_shift_share,single_layer_shift_share
18316,gpt2-small,8,-30.70313,82.8783,0.7822088532221343,0.37046042208877356
18316,pythia-160m,9,-5.81641,18.950479999999995,0.6253962960304964,0.306926790244891
